Join_ID,FIPS,Point Coun
1,01001,30.0
2,01003,139.0
3,01005,14.0
4,01007,14.0
5,01009,32.0
6,01011,6.0
7,01013,9.0
8,01015,81.0
9,01017,12.0
10,01019,14.0
11,01021,16.0
12,01023,9.0
13,01025,17.0
14,01027,10.0
15,01029,2.0
16,01031,26.0
17,01033,37.0
18,01035,5.0
19,01037,3.0
20,01039,26.0
21,01041,5.0
22,01043,50.0
23,01045,11.0
24,01047,24.0
25,01049,33.0
26,01051,43.0
27,01053,20.0
28,01055,96.0
29,01057,8.0
30,01059,15.0
31,01061,14.0
32,01063,5.0
33,01065,9.0
34,01067,6.0
35,01069,82.0
36,01071,32.0
37,01073,543.0
38,01075,9.0
39,01077,62.0
40,01079,16.0
41,01081,74.0
42,01083,40.0
43,01085,2.0
44,01087,7.0
45,01089,244.0
46,01091,9.0
47,01093,23.0
48,01095,58.0
49,01097,238.0
50,01099,14.0
51,01101,182.0
52,01103,67.0
53,01105,5.0
54,01107,5.0
55,01109,15.0
56,01111,14.0
57,01113,18.0
58,01115,36.0
59,01117,132.0
60,01119,6.0
61,01121,44.0
62,01123,29.0
63,01125,110.0
64,01127,57.0
65,01129,8.0
66,01131,7.0
67,01133,13.0
68,02013,6.0
69,02016,5.0
70,02020,196.0
71,02050,32.0
72,02060,4.0
73,02063,11.0
74,02066,12.0
75,02068,2.0
76,02070,7.0
77,02090,71.0
78,02100,4.0
79,02105,5.0
80,02110,24.0
81,02122,61.0
82,02130,19.0
83,02150,13.0
84,02158,14.0
85,02164,10.0
86,02170,55.0
87,02180,22.0
88,02185,6.0
89,02188,16.0
90,02195,4.0
91,02198,12.0
92,02220,9.0
93,02230,1.0
94,02240,13.0
95,02275,6.0
96,02282,3.0
97,02290,23.0
98,04001,15.0
99,04003,58.0
100,04005,69.0
101,04007,23.0
102,04009,14.0
103,04011,3.0
104,04012,9.0
105,04013,2290.0
106,04015,109.0
107,04017,54.0
108,04019,535.0
109,04021,102.0
110,04023,19.0
111,04025,152.0
112,04027,103.0
113,05001,25.0
114,05003,21.0
115,05005,50.0
116,05007,160.0
117,05009,23.0
118,05011,6.0
119,05013,3.0
120,05015,19.0
121,05017,11.0
122,05019,26.0
123,05021,11.0
124,05023,30.0
125,05025,4.0
126,05027,12.0
127,05029,11.0
128,05031,103.0
129,05033,44.0
130,05035,33.0
131,05037,15.0
132,05039,5.0
133,05041,11.0
134,05043,18.0
135,05045,101.0
136,05047,8.0
137,05049,15.0
138,05051,121.0
139,05053,10.0
140,05055,24.0
141,05057,10.0
142,05059,19.0
143,05061,8.0
144,05063,30.0
145,05065,15.0
146,05067,14.0
147,05069,53.0
148,05071,11.0
149,05073,4.0
150,05075,13.0
151,05077,4.0
152,05079,4.0
153,05081,9.0
154,05083,11.0
155,05085,37.0
156,05087,4.0
157,05089,10.0
158,05091,21.0
159,05093,27.0
160,05095,7.0
161,05097,4.0
162,05099,5.0
163,05101,5.0
164,05103,21.0
165,05105,3.0
166,05107,16.0
167,05109,8.0
168,05111,17.0
169,05113,12.0
170,05115,44.0
171,05117,8.0
172,05119,393.0
173,05121,9.0
174,05123,19.0
175,05125,67.0
176,05127,10.0
177,05129,5.0
178,05131,130.0
179,05133,10.0
180,05135,19.0
181,05137,13.0
182,05139,38.0
183,05141,13.0
184,05143,191.0
185,05145,61.0
186,05147,20.0
187,05149,19.0
188,06001,569.0
189,06003,1.0
190,06005,19.0
191,06007,123.0
192,06009,28.0
193,06011,10.0
194,06013,328.0
195,06015,15.0
196,06017,90.0
197,06019,422.0
198,06021,16.0
199,06023,76.0
200,06025,91.0
201,06027,15.0
202,06029,372.0
203,06031,83.0
204,06033,52.0
205,06035,16.0
206,06037,4978.0
207,06039,40.0
208,06041,161.0
209,06043,7.0
210,06045,84.0
211,06047,106.0
212,06049,8.0
213,06051,9.0
214,06053,146.0
215,06055,93.0
216,06057,50.0
217,06059,1823.0
218,06061,177.0
219,06063,14.0
220,06065,867.0
221,06067,578.0
222,06069,21.0
223,06071,758.0
224,06073,1277.0
225,06075,403.0
226,06077,259.0
227,06079,138.0
228,06081,291.0
229,06083,241.0
230,06085,654.0
231,06087,122.0
232,06089,108.0
233,06091,3.0
234,06093,30.0
235,06095,114.0
236,06097,188.0
237,06099,193.0
238,06101,75.0
239,06103,32.0
240,06105,5.0
241,06107,179.0
242,06109,51.0
243,06111,416.0
244,06113,94.0
245,06115,37.0
246,08001,271.0
247,08003,20.0
248,08005,417.0
249,08007,12.0
250,08009,7.0
251,08011,2.0
252,08013,242.0
253,08014,34.0
254,08015,19.0
255,08017,2.0
256,08019,4.0
257,08021,10.0
258,08023,2.0
259,08025,2.0
260,08027,2.0
261,08029,22.0
262,08031,408.0
263,08033,1.0
264,08035,238.0
265,08037,52.0
266,08039,2.0
267,08041,379.0
268,08043,16.0
269,08045,29.0
270,08047,1.0
271,08049,14.0
272,08051,14.0
273,08053,1.0
274,08055,4.0
275,08057,2.0
276,08059,288.0
277,08061,4.0
278,08063,10.0
279,08065,4.0
280,08067,44.0
281,08069,260.0
282,08071,13.0
283,08073,5.0
284,08075,20.0
285,08077,75.0
286,08079,1.0
287,08081,19.0
288,08083,16.0
289,08085,23.0
290,08087,20.0
291,08089,13.0
292,08091,2.0
293,08093,3.0
294,08095,7.0
295,08097,12.0
296,08099,12.0
297,08101,109.0
298,08103,7.0
299,08105,9.0
300,08107,32.0
301,08109,3.0
302,08111,
303,08113,5.0
304,08115,5.0
305,08117,37.0
306,08119,21.0
307,08121,2.0
308,08123,154.0
309,08125,10.0
310,09001,505.0
311,09003,463.0
312,09005,82.0
313,09007,76.0
314,09009,433.0
315,09011,135.0
316,09013,55.0
317,09015,51.0
318,10001,84.0
319,10003,261.0
320,10005,120.0
321,11001,431.0
322,12001,144.0
323,12003,17.0
324,12005,139.0
325,12007,9.0
326,12009,299.0
327,12011,1369.0
328,12013,4.0
329,12015,129.0
330,12017,80.0
331,12019,140.0
332,12021,258.0
333,12023,41.0
334,12027,17.0
335,12029,2.0
336,12031,643.0
337,12033,242.0
338,12035,55.0
339,12037,11.0
340,12039,19.0
341,12041,6.0
342,12043,2.0
343,12045,8.0
344,12047,2.0
345,12049,6.0
346,12051,14.0
347,12053,133.0
348,12055,65.0
349,12057,972.0
350,12059,6.0
351,12061,90.0
352,12063,29.0
353,12065,6.0
354,12067,1.0
355,12069,195.0
356,12071,509.0
357,12073,161.0
358,12075,20.0
359,12077,3.0
360,12079,8.0
361,12081,202.0
362,12083,201.0
363,12085,102.0
364,12086,2435.0
365,12087,75.0
366,12089,52.0
367,12091,149.0
368,12093,22.0
369,12095,819.0
370,12097,256.0
371,12099,1060.0
372,12101,334.0
373,12103,606.0
374,12105,330.0
375,12107,29.0
376,12109,134.0
377,12111,138.0
378,12113,102.0
379,12115,324.0
380,12117,270.0
381,12119,76.0
382,12121,17.0
383,12123,15.0
384,12125,4.0
385,12127,316.0
386,12129,10.0
387,12131,62.0
388,12133,11.0
389,13001,16.0
390,13003,4.0
391,13005,6.0
392,13007,2.0
393,13009,25.0
394,13011,3.0
395,13013,31.0
396,13015,51.0
397,13017,9.0
398,13019,6.0
399,13021,126.0
400,13023,7.0
401,13025,5.0
402,13027,9.0
403,13029,14.0
404,13031,38.0
405,13033,6.0
406,13035,6.0
407,13037,4.0
408,13039,27.0
409,13043,10.0
410,13045,66.0
411,13047,31.0
412,13049,7.0
413,13051,188.0
414,13053,5.0
415,13055,10.0
416,13057,115.0
417,13059,100.0
418,13061,1.0
419,13063,96.0
420,13065,5.0
421,13067,507.0
422,13069,26.0
423,13071,23.0
424,13073,47.0
425,13075,10.0
426,13077,73.0
427,13079,1.0
428,13081,14.0
429,13083,9.0
430,13085,21.0
431,13087,13.0
432,13089,398.0
433,13091,16.0
434,13093,3.0
435,13095,65.0
436,13097,63.0
437,13099,5.0
438,13101,2.0
439,13103,26.0
440,13105,10.0
441,13107,9.0
442,13109,7.0
443,13111,22.0
444,13113,97.0
445,13115,66.0
446,13117,120.0
447,13119,16.0
448,13121,746.0
449,13123,17.0
450,13125,0.0
451,13127,49.0
452,13129,28.0
453,13131,10.0
454,13133,17.0
455,13135,451.0
456,13137,30.0
457,13139,149.0
458,13141,2.0
459,13143,23.0
460,13145,5.0
461,13147,11.0
462,13149,3.0
463,13151,117.0
464,13153,67.0
465,13155,10.0
466,13157,20.0
467,13159,6.0
468,13161,11.0
469,13163,10.0
470,13165,4.0
471,13167,1.0
472,13169,7.0
473,13171,6.0
474,13173,2.0
475,13175,30.0
476,13177,20.0
477,13179,19.0
478,13181,3.0
479,13183,3.0
480,13185,62.0
481,13187,12.0
482,13189,15.0
483,13191,3.0
484,13193,6.0
485,13195,7.0
486,13197,2.0
487,13199,11.0
488,13201,7.0
489,13205,13.0
490,13207,10.0
491,13209,1.0
492,13211,4.0
493,13213,15.0
494,13215,146.0
495,13217,47.0
496,13219,30.0
497,13221,3.0
498,13223,52.0
499,13225,9.0
500,13227,20.0
501,13229,6.0
502,13231,4.0
503,13233,19.0
504,13235,10.0
505,13237,10.0
506,13239,
507,13241,11.0
508,13243,4.0
509,13245,117.0
510,13247,48.0
511,13249,4.0
512,13251,7.0
513,13253,8.0
514,13255,31.0
515,13257,21.0
516,13259,3.0
517,13261,20.0
518,13263,
519,13265,
520,13267,6.0
521,13269,4.0
522,13271,7.0
523,13273,4.0
524,13275,33.0
525,13277,47.0
526,13279,27.0
527,13281,10.0
528,13283,
529,13285,58.0
530,13287,4.0
531,13289,1.0
532,13291,17.0
533,13293,11.0
534,13295,17.0
535,13297,42.0
536,13299,39.0
537,13301,1.0
538,13303,10.0
539,13305,14.0
540,13307,2.0
541,13309,4.0
542,13311,7.0
543,13313,49.0
544,13315,6.0
545,13317,3.0
546,13319,5.0
547,13321,7.0
548,15001,89.0
549,15003,351.0
550,15005,
551,15007,48.0
552,15009,83.0
553,16001,315.0
554,16003,3.0
555,16005,64.0
556,16007,7.0
557,16009,7.0
558,16011,29.0
559,16013,19.0
560,16015,4.0
561,16017,21.0
562,16019,79.0
563,16021,7.0
564,16023,2.0
565,16025,
566,16027,100.0
567,16029,9.0
568,16031,20.0
569,16033,
570,16035,7.0
571,16037,3.0
572,16039,15.0
573,16041,5.0
574,16043,6.0
575,16045,8.0
576,16047,8.0
577,16049,11.0
578,16051,7.0
579,16053,11.0
580,16055,97.0
581,16057,22.0
582,16059,6.0
583,16061,3.0
584,16063,3.0
585,16065,18.0
586,16067,6.0
587,16069,25.0
588,16071,4.0
589,16073,5.0
590,16075,11.0
591,16077,5.0
592,16079,9.0
593,16081,6.0
594,16083,60.0
595,16085,14.0
596,16087,10.0
597,17001,23.0
598,17003,2.0
599,17005,9.0
600,17007,17.0
601,17009,2.0
602,17011,19.0
603,17013,1.0
604,17015,8.0
605,17017,6.0
606,17019,103.0
607,17021,11.0
608,17023,8.0
609,17025,7.0
610,17027,17.0
611,17029,42.0
612,17031,2580.0
613,17033,14.0
614,17035,4.0
615,17037,39.0
616,17039,7.0
617,17041,9.0
618,17043,578.0
619,17045,11.0
620,17047,5.0
621,17049,21.0
622,17051,3.0
623,17053,10.0
624,17055,23.0
625,17057,21.0
626,17059,4.0
627,17061,8.0
628,17063,30.0
629,17065,3.0
630,17067,9.0
631,17069,4.0
632,17071,1.0
633,17073,29.0
634,17075,17.0
635,17077,40.0
636,17079,3.0
637,17081,29.0
638,17083,13.0
639,17085,14.0
640,17087,3.0
641,17089,261.0
642,17091,64.0
643,17093,41.0
644,17095,33.0
645,17097,320.0
646,17099,74.0
647,17101,4.0
648,17103,24.0
649,17105,38.0
650,17107,10.0
651,17109,11.0
652,17111,116.0
653,17113,111.0
654,17115,42.0
655,17117,21.0
656,17119,118.0
657,17121,17.0
658,17123,5.0
659,17125,8.0
660,17127,13.0
661,17129,4.0
662,17131,8.0
663,17133,17.0
664,17135,18.0
665,17137,10.0
666,17139,9.0
667,17141,24.0
668,17143,184.0
669,17145,8.0
670,17147,10.0
671,17149,9.0
672,17151,3.0
673,17153,4.0
674,17155,2.0
675,17157,27.0
676,17159,10.0
677,17161,98.0
678,17163,100.0
679,17165,19.0
680,17167,102.0
681,17169,4.0
682,17171,1.0
683,17173,15.0
684,17175,
685,17177,25.0
686,17179,76.0
687,17181,14.0
688,17183,45.0
689,17185,3.0
690,17187,11.0
691,17189,5.0
692,17191,9.0
693,17193,10.0
694,17195,33.0
695,17197,317.0
696,17199,64.0
697,17201,146.0
698,17203,19.0
699,18001,11.0
700,18003,243.0
701,18005,32.0
702,18007,2.0
703,18009,5.0
704,18011,27.0
705,18013,5.0
706,18015,4.0
707,18017,19.0
708,18019,62.0
709,18021,11.0
710,18023,17.0
711,18025,2.0
712,18027,29.0
713,18029,26.0
714,18031,16.0
715,18033,30.0
716,18035,55.0
717,18037,25.0
718,18039,95.0
719,18041,12.0
720,18043,58.0
721,18045,5.0
722,18047,7.0
723,18049,13.0
724,18051,22.0
725,18053,37.0
726,18055,13.0
727,18057,225.0
728,18059,28.0
729,18061,17.0
730,18063,82.0
731,18065,20.0
732,18067,46.0
733,18069,20.0
734,18071,15.0
735,18073,13.0
736,18075,7.0
737,18077,16.0
738,18079,17.0
739,18081,75.0
740,18083,19.0
741,18085,38.0
742,18087,25.0
743,18089,316.0
744,18091,68.0
745,18093,37.0
746,18095,75.0
747,18097,520.0
748,18099,22.0
749,18101,8.0
750,18103,13.0
751,18105,72.0
752,18107,19.0
753,18109,26.0
754,18111,4.0
755,18113,22.0
756,18115,1.0
757,18117,13.0
758,18119,6.0
759,18121,7.0
760,18123,13.0
761,18125,4.0
762,18127,101.0
763,18129,5.0
764,18131,7.0
765,18133,12.0
766,18135,16.0
767,18137,12.0
768,18139,5.0
769,18141,127.0
770,18143,10.0
771,18145,13.0
772,18147,13.0
773,18149,8.0
774,18151,22.0
775,18153,8.0
776,18155,3.0
777,18157,85.0
778,18159,7.0
779,18161,3.0
780,18163,149.0
781,18165,8.0
782,18167,101.0
783,18169,29.0
784,18171,5.0
785,18173,39.0
786,18175,14.0
787,18177,33.0
788,18179,11.0
789,18181,13.0
790,18183,31.0
791,19001,6.0
792,19003,5.0
793,19005,8.0
794,19007,9.0
795,19009,3.0
796,19011,14.0
797,19013,113.0
798,19015,17.0
799,19017,19.0
800,19019,13.0
801,19021,13.0
802,19023,7.0
803,19025,7.0
804,19027,16.0
805,19029,9.0
806,19031,6.0
807,19033,55.0
808,19035,10.0
809,19037,4.0
810,19039,5.0
811,19041,14.0
812,19043,13.0
813,19045,35.0
814,19047,12.0
815,19049,57.0
816,19051,5.0
817,19053,7.0
818,19055,12.0
819,19057,24.0
820,19059,11.0
821,19061,57.0
822,19063,7.0
823,19065,17.0
824,19067,6.0
825,19069,9.0
826,19071,8.0
827,19073,5.0
828,19075,8.0
829,19077,10.0
830,19079,13.0
831,19081,8.0
832,19083,18.0
833,19085,10.0
834,19087,9.0
835,19089,5.0
836,19091,3.0
837,19093,7.0
838,19095,15.0
839,19097,10.0
840,19099,16.0
841,19101,15.0
842,19103,71.0
843,19105,17.0
844,19107,3.0
845,19109,5.0
846,19111,14.0
847,19113,119.0
848,19115,4.0
849,19117,6.0
850,19119,10.0
851,19121,10.0
852,19123,7.0
853,19125,17.0
854,19127,23.0
855,19129,9.0
856,19131,13.0
857,19133,13.0
858,19135,4.0
859,19137,10.0
860,19139,24.0
861,19141,17.0
862,19143,3.0
863,19145,16.0
864,19147,7.0
865,19149,13.0
866,19151,4.0
867,19153,338.0
868,19155,49.0
869,19157,13.0
870,19159,8.0
871,19161,8.0
872,19163,108.0
873,19165,10.0
874,19167,31.0
875,19169,43.0
876,19171,10.0
877,19173,6.0
878,19175,9.0
879,19177,11.0
880,19179,24.0
881,19181,19.0
882,19183,16.0
883,19185,7.0
884,19187,35.0
885,19189,7.0
886,19191,13.0
887,19193,67.0
888,19195,2.0
889,19197,13.0
890,20001,12.0
891,20003,6.0
892,20005,11.0
893,20007,6.0
894,20009,21.0
895,20011,9.0
896,20013,10.0
897,20015,29.0
898,20017,1.0
899,20019,5.0
900,20021,14.0
901,20023,5.0
902,20025,7.0
903,20027,5.0
904,20029,9.0
905,20031,9.0
906,20033,2.0
907,20035,23.0
908,20037,29.0
909,20039,5.0
910,20041,12.0
911,20043,4.0
912,20045,69.0
913,20047,4.0
914,20049,2.0
915,20051,22.0
916,20053,5.0
917,20055,21.0
918,20057,20.0
919,20059,14.0
920,20061,14.0
921,20063,2.0
922,20065,4.0
923,20067,2.0
924,20069,4.0
925,20071,2.0
926,20073,5.0
927,20075,3.0
928,20077,4.0
929,20079,26.0
930,20081,6.0
931,20083,3.0
932,20085,4.0
933,20087,14.0
934,20089,3.0
935,20091,395.0
936,20093,4.0
937,20095,5.0
938,20097,5.0
939,20099,20.0
940,20101,3.0
941,20103,27.0
942,20105,4.0
943,20107,2.0
944,20109,4.0
945,20111,17.0
946,20113,14.0
947,20115,10.0
948,20117,7.0
949,20119,4.0
950,20121,18.0
951,20123,4.0
952,20125,36.0
953,20127,4.0
954,20129,3.0
955,20131,12.0
956,20133,13.0
957,20135,5.0
958,20137,4.0
959,20139,5.0
960,20141,6.0
961,20143,5.0
962,20145,6.0
963,20147,6.0
964,20149,15.0
965,20151,8.0
966,20153,4.0
967,20155,30.0
968,20157,6.0
969,20159,6.0
970,20161,36.0
971,20163,7.0
972,20165,2.0
973,20167,8.0
974,20169,27.0
975,20171,6.0
976,20173,316.0
977,20175,8.0
978,20177,101.0
979,20179,6.0
980,20181,4.0
981,20183,4.0
982,20185,3.0
983,20187,3.0
984,20189,4.0
985,20191,9.0
986,20193,5.0
987,20195,5.0
988,20197,1.0
989,20199,2.0
990,20201,7.0
991,20203,4.0
992,20205,9.0
993,20207,1.0
994,20209,107.0
995,21001,15.0
996,21003,7.0
997,21005,6.0
998,21007,3.0
999,21009,29.0
1000,21011,8.0
1001,21013,31.0
1002,21015,46.0
1003,21017,12.0
1004,21019,40.0
1005,21021,30.0
1006,21023,3.0
1007,21025,14.0
1008,21027,9.0
1009,21029,24.0
1010,21031,6.0
1011,21033,14.0
1012,21035,13.0
1013,21037,35.0
1014,21039,2.0
1015,21041,9.0
1016,21043,12.0
1017,21045,13.0
1018,21047,40.0
1019,21049,29.0
1020,21051,21.0
1021,21053,7.0
1022,21055,6.0
1023,21057,3.0
1024,21059,50.0
1025,21061,5.0
1026,21063,2.0
1027,21065,9.0
1028,21067,286.0
1029,21069,7.0
1030,21071,60.0
1031,21073,39.0
1032,21075,3.0
1033,21077,2.0
1034,21079,5.0
1035,21081,8.0
1036,21083,13.0
1037,21085,12.0
1038,21087,10.0
1039,21089,23.0
1040,21091,1.0
1041,21093,72.0
1042,21095,16.0
1043,21097,12.0
1044,21099,10.0
1045,21101,32.0
1046,21103,4.0
1047,21105,2.0
1048,21107,41.0
1049,21109,12.0
1050,21111,540.0
1051,21113,21.0
1052,21115,17.0
1053,21117,72.0
1054,21119,12.0
1055,21121,25.0
1056,21123,5.0
1057,21125,63.0
1058,21127,18.0
1059,21129,12.0
1060,21131,14.0
1061,21133,29.0
1062,21135,10.0
1063,21137,10.0
1064,21139,6.0
1065,21141,13.0
1066,21143,4.0
1067,21145,83.0
1068,21147,9.0
1069,21149,5.0
1070,21151,60.0
1071,21153,11.0
1072,21155,11.0
1073,21157,18.0
1074,21159,10.0
1075,21161,16.0
1076,21163,6.0
1077,21165,3.0
1078,21167,10.0
1079,21169,3.0
1080,21171,8.0
1081,21173,27.0
1082,21175,13.0
1083,21177,17.0
1084,21179,28.0
1085,21181,3.0
1086,21183,11.0
1087,21185,19.0
1088,21187,4.0
1089,21189,5.0
1090,21191,4.0
1091,21193,48.0
1092,21195,62.0
1093,21197,12.0
1094,21199,35.0
1095,21201,1.0
1096,21203,6.0
1097,21205,21.0
1098,21207,14.0
1099,21209,30.0
1100,21211,29.0
1101,21213,10.0
1102,21215,7.0
1103,21217,19.0
1104,21219,9.0
1105,21221,6.0
1106,21223,1.0
1107,21225,8.0
1108,21227,77.0
1109,21229,5.0
1110,21231,14.0
1111,21233,10.0
1112,21235,36.0
1113,21237,10.0
1114,21239,13.0
1115,22001,36.0
1116,22003,14.0
1117,22005,78.0
1118,22007,7.0
1119,22009,23.0
1120,22011,19.0
1121,22013,9.0
1122,22015,54.0
1123,22017,202.0
1124,22019,154.0
1125,22021,5.0
1126,22023,4.0
1127,22025,9.0
1128,22027,11.0
1129,22029,19.0
1130,22031,9.0
1131,22033,342.0
1132,22035,6.0
1133,22037,14.0
1134,22039,28.0
1135,22041,15.0
1136,22043,6.0
1137,22045,27.0
1138,22047,21.0
1139,22049,9.0
1140,22051,306.0
1141,22053,27.0
1142,22055,186.0
1143,22057,54.0
1144,22059,13.0
1145,22061,35.0
1146,22063,66.0
1147,22065,9.0
1148,22067,18.0
1149,22069,25.0
1150,22071,239.0
1151,22073,148.0
1152,22075,10.0
1153,22077,15.0
1154,22079,115.0
1155,22081,6.0
1156,22083,25.0
1157,22085,14.0
1158,22087,21.0
1159,22089,20.0
1160,22091,5.0
1161,22093,13.0
1162,22095,21.0
1163,22097,72.0
1164,22099,22.0
1165,22101,32.0
1166,22103,218.0
1167,22105,95.0
1168,22107,5.0
1169,22109,62.0
1170,22111,12.0
1171,22113,36.0
1172,22115,25.0
1173,22117,41.0
1174,22119,26.0
1175,22121,14.0
1176,22123,11.0
1177,22125,6.0
1178,22127,9.0
1179,23001,74.0
1180,23003,62.0
1181,23005,163.0
1182,23007,11.0
1183,23009,34.0
1184,23011,60.0
1185,23013,24.0
1186,23015,14.0
1187,23017,20.0
1188,23019,85.0
1189,23021,11.0
1190,23023,12.0
1191,23025,18.0
1192,23027,15.0
1193,23029,20.0
1194,23031,76.0
1195,24001,39.0
1196,24003,261.0
1197,24005,437.0
1198,24009,39.0
1199,24011,15.0
1200,24013,76.0
1201,24015,27.0
1202,24017,57.0
1203,24019,26.0
1204,24021,114.0
1205,24023,14.0
1206,24025,107.0
1207,24027,177.0
1208,24029,11.0
1209,24031,499.0
1210,24033,383.0
1211,24035,25.0
1212,24037,42.0
1213,24039,14.0
1214,24041,47.0
1215,24043,81.0
1216,24045,77.0
1217,24047,47.0
1218,24510,425.0
1219,25001,105.0
1220,25003,55.0
1221,25005,238.0
1222,25007,7.0
1223,25009,292.0
1224,25011,28.0
1225,25013,210.0
1226,25015,102.0
1227,25017,594.0
1228,25019,8.0
1229,25021,279.0
1230,25023,169.0
1231,25025,459.0
1232,25027,326.0
1233,26001,6.0
1234,26003,3.0
1235,26005,42.0
1236,26007,16.0
1237,26009,13.0
1238,26011,12.0
1239,26013,5.0
1240,26015,20.0
1241,26017,54.0
1242,26019,8.0
1243,26021,78.0
1244,26023,25.0
1245,26025,102.0
1246,26027,21.0
1247,26029,19.0
1248,26031,15.0
1249,26033,27.0
1250,26035,13.0
1251,26037,22.0
1252,26039,10.0
1253,26041,22.0
1254,26043,19.0
1255,26045,46.0
1256,26047,27.0
1257,26049,233.0
1258,26051,13.0
1259,26053,11.0
1260,26055,70.0
1261,26057,19.0
1262,26059,15.0
1263,26061,23.0
1264,26063,24.0
1265,26065,161.0
1266,26067,22.0
1267,26069,35.0
1268,26071,13.0
1269,26073,31.0
1270,26075,78.0
1271,26077,229.0
1272,26079,6.0
1273,26081,287.0
1274,26083,
1275,26085,3.0
1276,26087,28.0
1277,26089,12.0
1278,26091,52.0
1279,26093,80.0
1280,26095,6.0
1281,26097,8.0
1282,26099,557.0
1283,26101,15.0
1284,26103,48.0
1285,26105,12.0
1286,26107,13.0
1287,26109,10.0
1288,26111,34.0
1289,26113,6.0
1290,26115,61.0
1291,26117,26.0
1292,26119,7.0
1293,26121,82.0
1294,26123,22.0
1295,26125,913.0
1296,26127,9.0
1297,26129,19.0
1298,26131,5.0
1299,26133,13.0
1300,26135,6.0
1301,26137,18.0
1302,26139,77.0
1303,26141,8.0
1304,26143,15.0
1305,26145,147.0
1306,26147,69.0
1307,26149,42.0
1308,26151,27.0
1309,26153,6.0
1310,26155,29.0
1311,26157,29.0
1312,26159,57.0
1313,26161,201.0
1314,26163,1191.0
1315,26165,20.0
1316,27001,10.0
1317,27003,117.0
1318,27005,22.0
1319,27007,34.0
1320,27009,14.0
1321,27011,9.0
1322,27013,45.0
1323,27015,17.0
1324,27017,13.0
1325,27019,49.0
1326,27021,19.0
1327,27023,11.0
1328,27025,24.0
1329,27027,25.0
1330,27029,7.0
1331,27031,9.0
1332,27033,13.0
1333,27035,55.0
1334,27037,177.0
1335,27039,7.0
1336,27041,27.0
1337,27043,8.0
1338,27045,15.0
1339,27047,17.0
1340,27049,24.0
1341,27051,9.0
1342,27053,781.0
1343,27055,9.0
1344,27057,13.0
1345,27059,13.0
1346,27061,25.0
1347,27063,6.0
1348,27065,3.0
1349,27067,18.0
1350,27069,9.0
1351,27071,7.0
1352,27073,10.0
1353,27075,11.0
1354,27077,2.0
1355,27079,12.0
1356,27081,9.0
1357,27083,16.0
1358,27085,21.0
1359,27087,8.0
1360,27089,3.0
1361,27091,17.0
1362,27093,12.0
1363,27095,13.0
1364,27097,14.0
1365,27099,19.0
1366,27101,9.0
1367,27103,12.0
1368,27105,19.0
1369,27107,8.0
1370,27109,99.0
1371,27111,41.0
1372,27113,12.0
1373,27115,18.0
1374,27117,10.0
1375,27119,24.0
1376,27121,6.0
1377,27123,314.0
1378,27125,5.0
1379,27127,10.0
1380,27129,8.0
1381,27131,22.0
1382,27133,3.0
1383,27135,9.0
1384,27137,135.0
1385,27139,48.0
1386,27141,26.0
1387,27143,12.0
1388,27145,100.0
1389,27147,22.0
1390,27149,5.0
1391,27151,7.0
1392,27153,12.0
1393,27155,7.0
1394,27157,6.0
1395,27159,12.0
1396,27161,7.0
1397,27163,115.0
1398,27165,10.0
1399,27167,3.0
1400,27169,21.0
1401,27171,43.0
1402,27173,8.0
1403,28001,22.0
1404,28003,45.0
1405,28005,8.0
1406,28007,10.0
1407,28009,4.0
1408,28011,28.0
1409,28013,12.0
1410,28015,2.0
1411,28017,16.0
1412,28019,6.0
1413,28021,5.0
1414,28023,6.0
1415,28025,14.0
1416,28027,25.0
1417,28029,11.0
1418,28031,14.0
1419,28033,100.0
1420,28035,54.0
1421,28037,7.0
1422,28039,11.0
1423,28041,9.0
1424,28043,17.0
1425,28045,30.0
1426,28047,148.0
1427,28049,185.0
1428,28051,17.0
1429,28053,6.0
1430,28055,
1431,28057,13.0
1432,28059,73.0
1433,28061,7.0
1434,28063,2.0
1435,28065,10.0
1436,28067,57.0
1437,28069,4.0
1438,28071,35.0
1439,28073,73.0
1440,28075,74.0
1441,28077,7.0
1442,28079,17.0
1443,28081,117.0
1444,28083,30.0
1445,28085,20.0
1446,28087,49.0
1447,28089,100.0
1448,28091,16.0
1449,28093,19.0
1450,28095,31.0
1451,28097,8.0
1452,28099,20.0
1453,28101,16.0
1454,28103,13.0
1455,28105,34.0
1456,28107,22.0
1457,28109,28.0
1458,28111,9.0
1459,28113,40.0
1460,28115,19.0
1461,28117,22.0
1462,28119,4.0
1463,28121,144.0
1464,28123,24.0
1465,28125,6.0
1466,28127,19.0
1467,28129,12.0
1468,28131,11.0
1469,28133,19.0
1470,28135,9.0
1471,28137,13.0
1472,28139,14.0
1473,28141,13.0
1474,28143,6.0
1475,28145,25.0
1476,28147,7.0
1477,28149,33.0
1478,28151,52.0
1479,28153,12.0
1480,28155,12.0
1481,28157,4.0
1482,28159,9.0
1483,28161,11.0
1484,28163,15.0
1485,29001,30.0
1486,29003,4.0
1487,29005,4.0
1488,29007,15.0
1489,29009,32.0
1490,29011,11.0
1491,29013,9.0
1492,29015,11.0
1493,29017,4.0
1494,29019,113.0
1495,29021,65.0
1496,29023,51.0
1497,29025,5.0
1498,29027,17.0
1499,29029,23.0
1500,29031,64.0
1501,29033,7.0
1502,29035,2.0
1503,29037,51.0
1504,29039,10.0
1505,29041,5.0
1506,29043,32.0
1507,29045,4.0
1508,29047,115.0
1509,29049,9.0
1510,29051,93.0
1511,29053,6.0
1512,29055,24.0
1513,29057,4.0
1514,29059,8.0
1515,29061,4.0
1516,29063,6.0
1517,29065,11.0
1518,29067,8.0
1519,29069,23.0
1520,29071,41.0
1521,29073,14.0
1522,29075,12.0
1523,29077,186.0
1524,29079,9.0
1525,29081,13.0
1526,29083,14.0
1527,29085,3.0
1528,29087,5.0
1529,29089,4.0
1530,29091,47.0
1531,29093,13.0
1532,29095,383.0
1533,29097,55.0
1534,29099,58.0
1535,29101,21.0
1536,29103,4.0
1537,29105,19.0
1538,29107,22.0
1539,29109,23.0
1540,29111,5.0
1541,29113,15.0
1542,29115,10.0
1543,29117,15.0
1544,29119,14.0
1545,29121,9.0
1546,29123,4.0
1547,29125,2.0
1548,29127,22.0
1549,29129,4.0
1550,29131,16.0
1551,29133,6.0
1552,29135,5.0
1553,29137,5.0
1554,29139,6.0
1555,29141,12.0
1556,29143,22.0
1557,29145,43.0
1558,29147,22.0
1559,29149,7.0
1560,29151,2.0
1561,29153,5.0
1562,29155,19.0
1563,29157,12.0
1564,29159,19.0
1565,29161,32.0
1566,29163,15.0
1567,29165,51.0
1568,29167,23.0
1569,29169,20.0
1570,29171,3.0
1571,29173,2.0
1572,29175,16.0
1573,29177,9.0
1574,29179,2.0
1575,29181,6.0
1576,29183,135.0
1577,29185,9.0
1578,29186,12.0
1579,29187,33.0
1580,29189,528.0
1581,29195,25.0
1582,29197,3.0
1583,29199,4.0
1584,29201,21.0
1585,29203,4.0
1586,29205,5.0
1587,29207,22.0
1588,29209,16.0
1589,29211,5.0
1590,29213,59.0
1591,29215,19.0
1592,29217,19.0
1593,29219,9.0
1594,29221,10.0
1595,29223,6.0
1596,29225,19.0
1597,29227,3.0
1598,29229,17.0
1599,29510,153.0
1600,30001,6.0
1601,30003,7.0
1602,30005,7.0
1603,30007,1.0
1604,30009,11.0
1605,30011,3.0
1606,30013,50.0
1607,30015,6.0
1608,30017,8.0
1609,30019,2.0
1610,30021,10.0
1611,30023,10.0
1612,30025,3.0
1613,30027,9.0
1614,30029,69.0
1615,30031,62.0
1616,30033,2.0
1617,30035,9.0
1618,30037,
1619,30039,2.0
1620,30041,11.0
1621,30043,3.0
1622,30045,
1623,30047,28.0
1624,30049,37.0
1625,30051,4.0
1626,30053,11.0
1627,30055,3.0
1628,30057,5.0
1629,30059,3.0
1630,30061,4.0
1631,30063,114.0
1632,30065,4.0
1633,30067,9.0
1634,30069,
1635,30071,3.0
1636,30073,8.0
1637,30075,2.0
1638,30077,10.0
1639,30079,1.0
1640,30081,30.0
1641,30083,10.0
1642,30085,9.0
1643,30087,7.0
1644,30089,8.0
1645,30091,3.0
1646,30093,24.0
1647,30095,7.0
1648,30097,5.0
1649,30099,4.0
1650,30101,3.0
1651,30103,1.0
1652,30105,5.0
1653,30107,2.0
1654,30109,2.0
1655,30111,87.0
1656,31001,17.0
1657,31003,8.0
1658,31005,
1659,31007,
1660,31009,
1661,31011,6.0
1662,31013,12.0
1663,31015,3.0
1664,31017,3.0
1665,31019,33.0
1666,31021,8.0
1667,31023,6.0
1668,31025,12.0
1669,31027,6.0
1670,31029,5.0
1671,31031,3.0
1672,31033,10.0
1673,31035,4.0
1674,31037,11.0
1675,31039,8.0
1676,31041,12.0
1677,31043,4.0
1678,31045,7.0
1679,31047,14.0
1680,31049,3.0
1681,31051,6.0
1682,31053,37.0
1683,31055,401.0
1684,31057,3.0
1685,31059,6.0
1686,31061,5.0
1687,31063,4.0
1688,31065,11.0
1689,31067,9.0
1690,31069,4.0
1691,31071,4.0
1692,31073,1.0
1693,31075,0.0
1694,31077,3.0
1695,31079,37.0
1696,31081,3.0
1697,31083,2.0
1698,31085,
1699,31087,3.0
1700,31089,14.0
1701,31091,2.0
1702,31093,2.0
1703,31095,4.0
1704,31097,4.0
1705,31099,2.0
1706,31101,7.0
1707,31103,
1708,31105,5.0
1709,31107,9.0
1710,31109,157.0
1711,31111,31.0
1712,31113,
1713,31115,
1714,31117,
1715,31119,42.0
1716,31121,4.0
1717,31123,3.0
1718,31125,3.0
1719,31127,2.0
1720,31129,4.0
1721,31131,13.0
1722,31133,2.0
1723,31135,1.0
1724,31137,6.0
1725,31139,8.0
1726,31141,19.0
1727,31143,3.0
1728,31145,11.0
1729,31147,4.0
1730,31149,2.0
1731,31151,11.0
1732,31153,75.0
1733,31155,6.0
1734,31157,19.0
1735,31159,11.0
1736,31161,7.0
1737,31163,4.0
1738,31165,
1739,31167,0.0
1740,31169,7.0
1741,31171,
1742,31173,5.0
1743,31175,5.0
1744,31177,10.0
1745,31179,5.0
1746,31181,7.0
1747,31183,
1748,31185,13.0
1749,32001,22.0
1750,32003,1106.0
1751,32005,27.0
1752,32007,20.0
1753,32009,
1754,32011,
1755,32013,7.0
1756,32015,4.0
1757,32017,5.0
1758,32019,17.0
1759,32021,3.0
1760,32023,18.0
1761,32027,2.0
1762,32029,0.0
1763,32031,277.0
1764,32033,5.0
1765,32510,38.0
1766,33001,22.0
1767,33003,19.0
1768,33005,26.0
1769,33007,19.0
1770,33009,70.0
1771,33011,172.0
1772,33013,69.0
1773,33015,136.0
1774,33017,44.0
1775,33019,16.0
1776,34001,137.0
1777,34003,520.0
1778,34005,289.0
1779,34007,329.0
1780,34009,46.0
1781,34011,62.0
1782,34013,427.0
1783,34015,156.0
1784,34017,355.0
1785,34019,61.0
1786,34021,200.0
1787,34023,390.0
1788,34025,406.0
1789,34027,260.0
1790,34029,279.0
1791,34031,273.0
1792,34033,17.0
1793,34035,158.0
1794,34037,47.0
1795,34039,247.0
1796,34041,54.0
1797,35001,398.0
1798,35003,3.0
1799,35005,45.0
1800,35006,12.0
1801,35007,11.0
1802,35009,40.0
1803,35011,3.0
1804,35013,145.0
1805,35015,46.0
1806,35017,25.0
1807,35019,5.0
1808,35021,
1809,35023,4.0
1810,35025,28.0
1811,35027,27.0
1812,35028,20.0
1813,35029,23.0
1814,35031,24.0
1815,35033,5.0
1816,35035,31.0
1817,35037,9.0
1818,35039,36.0
1819,35041,11.0
1820,35043,79.0
1821,35045,46.0
1822,35047,25.0
1823,35049,143.0
1824,35051,7.0
1825,35053,19.0
1826,35055,22.0
1827,35057,3.0
1828,35059,3.0
1829,35061,28.0
1830,36001,143.0
1831,36003,17.0
1832,36005,689.0
1833,36007,124.0
1834,36009,32.0
1835,36011,26.0
1836,36013,40.0
1837,36015,42.0
1838,36017,18.0
1839,36019,26.0
1840,36021,20.0
1841,36023,40.0
1842,36025,18.0
1843,36027,153.0
1844,36029,376.0
1845,36031,23.0
1846,36033,29.0
1847,36035,22.0
1848,36037,20.0
1849,36039,21.0
1850,36041,1.0
1851,36043,18.0
1852,36045,47.0
1853,36047,1418.0
1854,36049,9.0
1855,36051,27.0
1856,36053,25.0
1857,36055,273.0
1858,36057,31.0
1859,36059,718.0
1860,36061,1322.0
1861,36063,87.0
1862,36065,95.0
1863,36067,185.0
1864,36069,43.0
1865,36071,164.0
1866,36073,12.0
1867,36075,39.0
1868,36077,24.0
1869,36079,46.0
1870,36081,1185.0
1871,36083,55.0
1872,36085,170.0
1873,36087,134.0
1874,36089,52.0
1875,36091,75.0
1876,36093,47.0
1877,36095,7.0
1878,36097,11.0
1879,36099,8.0
1880,36101,33.0
1881,36103,644.0
1882,36105,36.0
1883,36107,15.0
1884,36109,58.0
1885,36111,76.0
1886,36113,36.0
1887,36115,14.0
1888,36117,37.0
1889,36119,545.0
1890,36121,11.0
1891,36123,9.0
1892,37001,70.0
1893,37003,12.0
1894,37005,4.0
1895,37007,6.0
1896,37009,17.0
1897,37011,15.0
1898,37013,18.0
1899,37015,7.0
1900,37017,17.0
1901,37019,60.0
1902,37021,182.0
1903,37023,44.0
1904,37025,122.0
1905,37027,31.0
1906,37029,2.0
1907,37031,40.0
1908,37033,4.0
1909,37035,101.0
1910,37037,30.0
1911,37039,26.0
1912,37041,15.0
1913,37043,4.0
1914,37045,61.0
1915,37047,31.0
1916,37049,38.0
1917,37051,140.0
1918,37053,5.0
1919,37055,28.0
1920,37057,43.0
1921,37059,13.0
1922,37061,21.0
1923,37063,304.0
1924,37065,18.0
1925,37067,234.0
1926,37069,16.0
1927,37071,100.0
1928,37073,4.0
1929,37075,3.0
1930,37077,25.0
1931,37079,8.0
1932,37081,205.0
1933,37083,38.0
1934,37085,37.0
1935,37087,39.0
1936,37089,53.0
1937,37091,21.0
1938,37093,13.0
1939,37095,0.0
1940,37097,111.0
1941,37099,22.0
1942,37101,71.0
1943,37103,4.0
1944,37105,20.0
1945,37107,28.0
1946,37109,44.0
1947,37111,33.0
1948,37113,30.0
1949,37115,11.0
1950,37117,14.0
1951,37119,723.0
1952,37121,18.0
1953,37123,14.0
1954,37125,49.0
1955,37127,49.0
1956,37129,115.0
1957,37131,3.0
1958,37133,67.0
1959,37135,80.0
1960,37137,7.0
1961,37139,23.0
1962,37141,25.0
1963,37143,3.0
1964,37145,17.0
1965,37147,87.0
1966,37149,10.0
1967,37151,36.0
1968,37153,21.0
1969,37155,83.0
1970,37157,34.0
1971,37159,66.0
1972,37161,29.0
1973,37163,21.0
1974,37165,24.0
1975,37167,49.0
1976,37169,11.0
1977,37171,39.0
1978,37173,8.0
1979,37175,18.0
1980,37177,3.0
1981,37179,101.0
1982,37181,19.0
1983,37183,548.0
1984,37185,7.0
1985,37187,6.0
1986,37189,35.0
1987,37191,50.0
1988,37193,27.0
1989,37195,33.0
1990,37197,9.0
1991,37199,7.0
1992,38001,3.0
1993,38003,9.0
1994,38005,4.0
1995,38007,
1996,38009,3.0
1997,38011,5.0
1998,38013,1.0
1999,38015,82.0
2000,38017,108.0
2001,38019,4.0
2002,38021,9.0
2003,38023,2.0
2004,38025,4.0
2005,38027,2.0
2006,38029,4.0
2007,38031,5.0
2008,38033,2.0
2009,38035,64.0
2010,38037,3.0
2011,38039,1.0
2012,38041,3.0
2013,38043,2.0
2014,38045,5.0
2015,38047,4.0
2016,38049,3.0
2017,38051,8.0
2018,38053,9.0
2019,38055,17.0
2020,38057,6.0
2021,38059,18.0
2022,38061,6.0
2023,38063,3.0
2024,38065,2.0
2025,38067,11.0
2026,38069,5.0
2027,38071,10.0
2028,38073,6.0
2029,38075,3.0
2030,38077,9.0
2031,38079,10.0
2032,38081,4.0
2033,38083,2.0
2034,38085,2.0
2035,38087,
2036,38089,21.0
2037,38091,2.0
2038,38093,14.0
2039,38095,3.0
2040,38097,8.0
2041,38099,9.0
2042,38101,39.0
2043,38103,5.0
2044,38105,27.0
2045,39001,16.0
2046,39003,84.0
2047,39005,14.0
2048,39007,43.0
2049,39009,36.0
2050,39011,20.0
2051,39013,37.0
2052,39015,20.0
2053,39017,181.0
2054,39019,6.0
2055,39021,21.0
2056,39023,70.0
2057,39025,76.0
2058,39027,23.0
2059,39029,42.0
2060,39031,18.0
2061,39033,31.0
2062,39035,606.0
2063,39037,16.0
2064,39039,35.0
2065,39041,96.0
2066,39043,28.0
2067,39045,57.0
2068,39047,9.0
2069,39049,783.0
2070,39051,29.0
2071,39053,23.0
2072,39055,39.0
2073,39057,77.0
2074,39059,19.0
2075,39061,583.0
2076,39063,42.0
2077,39065,9.0
2078,39067,7.0
2079,39069,13.0
2080,39071,18.0
2081,39073,8.0
2082,39075,9.0
2083,39077,31.0
2084,39079,19.0
2085,39081,38.0
2086,39083,18.0
2087,39085,116.0
2088,39087,28.0
2089,39089,48.0
2090,39091,16.0
2091,39093,154.0
2092,39095,335.0
2093,39097,19.0
2094,39099,163.0
2095,39101,21.0
2096,39103,82.0
2097,39105,5.0
2098,39107,18.0
2099,39109,26.0
2100,39111,5.0
2101,39113,256.0
2102,39115,3.0
2103,39117,8.0
2104,39119,43.0
2105,39121,2.0
2106,39123,11.0
2107,39125,7.0
2108,39127,7.0
2109,39129,18.0
2110,39131,18.0
2111,39133,58.0
2112,39135,7.0
2113,39137,17.0
2114,39139,50.0
2115,39141,46.0
2116,39143,28.0
2117,39145,46.0
2118,39147,28.0
2119,39149,21.0
2120,39151,146.0
2121,39153,318.0
2122,39155,111.0
2123,39157,38.0
2124,39159,36.0
2125,39161,9.0
2126,39163,2.0
2127,39165,97.0
2128,39167,30.0
2129,39169,31.0
2130,39171,21.0
2131,39173,63.0
2132,39175,10.0
2133,40001,8.0
2134,40003,2.0
2135,40005,14.0
2136,40007,3.0
2137,40009,19.0
2138,40011,13.0
2139,40013,34.0
2140,40015,20.0
2141,40017,57.0
2142,40019,37.0
2143,40021,22.0
2144,40023,11.0
2145,40025,3.0
2146,40027,170.0
2147,40029,2.0
2148,40031,54.0
2149,40033,1.0
2150,40035,13.0
2151,40037,32.0
2152,40039,32.0
2153,40041,36.0
2154,40043,8.0
2155,40045,4.0
2156,40047,62.0
2157,40049,18.0
2158,40051,17.0
2159,40053,2.0
2160,40055,8.0
2161,40057,3.0
2162,40059,7.0
2163,40061,10.0
2164,40063,14.0
2165,40065,12.0
2166,40067,7.0
2167,40069,8.0
2168,40071,31.0
2169,40073,15.0
2170,40075,6.0
2171,40077,8.0
2172,40079,25.0
2173,40081,23.0
2174,40083,17.0
2175,40085,5.0
2176,40087,20.0
2177,40089,22.0
2178,40091,13.0
2179,40093,5.0
2180,40095,9.0
2181,40097,27.0
2182,40099,12.0
2183,40101,37.0
2184,40103,6.0
2185,40105,7.0
2186,40107,8.0
2187,40109,657.0
2188,40111,26.0
2189,40113,18.0
2190,40115,25.0
2191,40117,8.0
2192,40119,62.0
2193,40121,19.0
2194,40123,29.0
2195,40125,33.0
2196,40127,7.0
2197,40129,3.0
2198,40131,40.0
2199,40133,16.0
2200,40135,22.0
2201,40137,28.0
2202,40139,8.0
2203,40141,7.0
2204,40143,511.0
2205,40145,22.0
2206,40147,50.0
2207,40149,3.0
2208,40151,8.0
2209,40153,23.0
2210,41001,18.0
2211,41003,59.0
2212,41005,224.0
2213,41007,38.0
2214,41009,14.0
2215,41011,29.0
2216,41013,7.0
2217,41015,19.0
2218,41017,101.0
2219,41019,45.0
2220,41021,3.0
2221,41023,6.0
2222,41025,7.0
2223,41027,42.0
2224,41029,157.0
2225,41031,6.0
2226,41033,40.0
2227,41035,34.0
2228,41037,6.0
2229,41039,191.0
2230,41041,33.0
2231,41043,54.0
2232,41045,18.0
2233,41047,157.0
2234,41049,8.0
2235,41051,632.0
2236,41053,23.0
2237,41055,2.0
2238,41057,17.0
2239,41059,38.0
2240,41061,18.0
2241,41063,10.0
2242,41065,28.0
2243,41067,308.0
2244,41069,1.0
2245,41071,43.0
2246,42001,43.0
2247,42003,764.0
2248,42005,27.0
2249,42007,68.0
2250,42009,29.0
2251,42011,151.0
2252,42013,78.0
2253,42015,34.0
2254,42017,337.0
2255,42019,157.0
2256,42021,81.0
2257,42023,5.0
2258,42025,28.0
2259,42027,58.0
2260,42029,217.0
2261,42031,17.0
2262,42033,52.0
2263,42035,18.0
2264,42037,31.0
2265,42039,41.0
2266,42041,174.0
2267,42043,173.0
2268,42045,265.0
2269,42047,25.0
2270,42049,147.0
2271,42051,49.0
2272,42053,2.0
2273,42055,92.0
2274,42057,8.0
2275,42059,14.0
2276,42061,17.0
2277,42063,30.0
2278,42065,18.0
2279,42067,5.0
2280,42069,133.0
2281,42071,214.0
2282,42073,53.0
2283,42075,63.0
2284,42077,206.0
2285,42079,177.0
2286,42081,48.0
2287,42083,21.0
2288,42085,58.0
2289,42087,25.0
2290,42089,75.0
2291,42091,493.0
2292,42093,22.0
2293,42095,140.0
2294,42097,31.0
2295,42099,19.0
2296,42101,835.0
2297,42103,12.0
2298,42105,20.0
2299,42107,75.0
2300,42109,8.0
2301,42111,41.0
2302,42113,1.0
2303,42115,16.0
2304,42117,16.0
2305,42119,19.0
2306,42121,34.0
2307,42123,17.0
2308,42125,110.0
2309,42127,17.0
2310,42129,167.0
2311,42131,18.0
2312,42133,219.0
2313,44001,12.0
2314,44003,69.0
2315,44005,30.0
2316,44007,267.0
2317,44009,68.0
2318,45001,7.0
2319,45003,75.0
2320,45005,4.0
2321,45007,98.0
2322,45009,8.0
2323,45011,13.0
2324,45013,98.0
2325,45015,68.0
2326,45017,4.0
2327,45019,298.0
2328,45021,27.0
2329,45023,12.0
2330,45025,16.0
2331,45027,16.0
2332,45029,11.0
2333,45031,35.0
2334,45033,15.0
2335,45035,57.0
2336,45037,8.0
2337,45039,10.0
2338,45041,96.0
2339,45043,73.0
2340,45045,329.0
2341,45047,36.0
2342,45049,7.0
2343,45051,190.0
2344,45053,12.0
2345,45055,25.0
2346,45057,37.0
2347,45059,26.0
2348,45061,7.0
2349,45063,157.0
2350,45065,3.0
2351,45067,10.0
2352,45069,16.0
2353,45071,26.0
2354,45073,41.0
2355,45075,44.0
2356,45077,62.0
2357,45079,254.0
2358,45081,5.0
2359,45083,147.0
2360,45085,44.0
2361,45087,7.0
2362,45089,13.0
2363,45091,117.0
2364,46003,3.0
2365,46005,8.0
2366,46007,7.0
2367,46009,6.0
2368,46011,12.0
2369,46013,32.0
2370,46015,8.0
2371,46017,7.0
2372,46019,2.0
2373,46021,2.0
2374,46023,12.0
2375,46025,3.0
2376,46027,7.0
2377,46029,15.0
2378,46031,5.0
2379,46033,4.0
2380,46035,17.0
2381,46037,5.0
2382,46039,6.0
2383,46041,6.0
2384,46043,4.0
2385,46045,10.0
2386,46047,4.0
2387,46049,2.0
2388,46051,7.0
2389,46053,9.0
2390,46055,3.0
2391,46057,5.0
2392,46059,2.0
2393,46061,
2394,46063,1.0
2395,46065,16.0
2396,46067,9.0
2397,46069,2.0
2398,46071,3.0
2399,46073,3.0
2400,46075,1.0
2401,46077,7.0
2402,46079,5.0
2403,46081,12.0
2404,46083,47.0
2405,46085,3.0
2406,46087,4.0
2407,46089,2.0
2408,46091,2.0
2409,46093,9.0
2410,46095,1.0
2411,46097,4.0
2412,46099,143.0
2413,46101,5.0
2414,46102,3.0
2415,46103,53.0
2416,46105,3.0
2417,46107,6.0
2418,46109,4.0
2419,46111,1.0
2420,46115,4.0
2421,46117,1.0
2422,46119,1.0
2423,46121,3.0
2424,46123,6.0
2425,46125,12.0
2426,46127,17.0
2427,46129,7.0
2428,46135,19.0
2429,46137,4.0
2430,47001,59.0
2431,47003,28.0
2432,47005,8.0
2433,47007,7.0
2434,47009,60.0
2435,47011,66.0
2436,47013,38.0
2437,47015,9.0
2438,47017,15.0
2439,47019,15.0
2440,47021,18.0
2441,47023,13.0
2442,47025,21.0
2443,47027,4.0
2444,47029,18.0
2445,47031,49.0
2446,47033,9.0
2447,47035,29.0
2448,47037,567.0
2449,47039,5.0
2450,47041,12.0
2451,47043,27.0
2452,47045,44.0
2453,47047,13.0
2454,47049,10.0
2455,47051,21.0
2456,47053,29.0
2457,47055,17.0
2458,47057,9.0
2459,47059,37.0
2460,47061,10.0
2461,47063,44.0
2462,47065,239.0
2463,47067,5.0
2464,47069,16.0
2465,47071,23.0
2466,47073,25.0
2467,47075,8.0
2468,47077,20.0
2469,47079,24.0
2470,47081,9.0
2471,47083,5.0
2472,47085,12.0
2473,47087,6.0
2474,47089,20.0
2475,47091,10.0
2476,47093,351.0
2477,47095,5.0
2478,47097,18.0
2479,47099,25.0
2480,47101,4.0
2481,47103,15.0
2482,47105,31.0
2483,47107,28.0
2484,47109,24.0
2485,47111,9.0
2486,47113,78.0
2487,47115,17.0
2488,47117,17.0
2489,47119,64.0
2490,47121,4.0
2491,47123,29.0
2492,47125,85.0
2493,47127,0.0
2494,47129,10.0
2495,47131,15.0
2496,47133,11.0
2497,47135,4.0
2498,47137,3.0
2499,47139,11.0
2500,47141,47.0
2501,47143,19.0
2502,47145,30.0
2503,47147,31.0
2504,47149,199.0
2505,47151,25.0
2506,47153,8.0
2507,47155,58.0
2508,47157,610.0
2509,47159,9.0
2510,47161,7.0
2511,47163,105.0
2512,47165,102.0
2513,47167,27.0
2514,47169,6.0
2515,47171,11.0
2516,47173,11.0
2517,47175,1.0
2518,47177,26.0
2519,47179,96.0
2520,47181,13.0
2521,47183,24.0
2522,47185,19.0
2523,47187,172.0
2524,47189,72.0
2525,48001,27.0
2526,48003,6.0
2527,48005,42.0
2528,48007,8.0
2529,48009,2.0
2530,48011,2.0
2531,48013,22.0
2532,48015,15.0
2533,48017,6.0
2534,48019,9.0
2535,48021,36.0
2536,48023,4.0
2537,48025,13.0
2538,48027,129.0
2539,48029,1062.0
2540,48031,7.0
2541,48033,
2542,48035,7.0
2543,48037,86.0
2544,48039,199.0
2545,48041,103.0
2546,48043,11.0
2547,48045,2.0
2548,48047,6.0
2549,48049,38.0
2550,48051,7.0
2551,48053,40.0
2552,48055,19.0
2553,48057,8.0
2554,48059,8.0
2555,48061,224.0
2556,48063,8.0
2557,48065,0.0
2558,48067,7.0
2559,48069,5.0
2560,48071,14.0
2561,48073,39.0
2562,48075,7.0
2563,48077,5.0
2564,48079,2.0
2565,48081,
2566,48083,4.0
2567,48085,716.0
2568,48087,3.0
2569,48089,19.0
2570,48091,91.0
2571,48093,8.0
2572,48095,3.0
2573,48097,17.0
2574,48099,20.0
2575,48101,
2576,48103,4.0
2577,48105,2.0
2578,48107,3.0
2579,48109,3.0
2580,48111,
2581,48113,1463.0
2582,48115,9.0
2583,48117,8.0
2584,48119,
2585,48121,404.0
2586,48123,13.0
2587,48125,2.0
2588,48127,10.0
2589,48129,2.0
2590,48131,3.0
2591,48133,10.0
2592,48135,80.0
2593,48137,3.0
2594,48139,76.0
2595,48141,413.0
2596,48143,26.0
2597,48145,8.0
2598,48147,11.0
2599,48149,18.0
2600,48151,3.0
2601,48153,4.0
2602,48155,2.0
2603,48157,470.0
2604,48159,3.0
2605,48161,12.0
2606,48163,10.0
2607,48165,6.0
2608,48167,176.0
2609,48169,4.0
2610,48171,16.0
2611,48173,
2612,48175,1.0
2613,48177,10.0
2614,48179,11.0
2615,48181,77.0
2616,48183,106.0
2617,48185,7.0
2618,48187,54.0
2619,48189,17.0
2620,48191,1.0
2621,48193,9.0
2622,48195,4.0
2623,48197,4.0
2624,48199,20.0
2625,48201,2923.0
2626,48203,24.0
2627,48205,3.0
2628,48207,7.0
2629,48209,112.0
2630,48211,3.0
2631,48213,47.0
2632,48215,475.0
2633,48217,16.0
2634,48219,12.0
2635,48221,39.0
2636,48223,18.0
2637,48225,11.0
2638,48227,15.0
2639,48229,
2640,48231,50.0
2641,48233,13.0
2642,48235,
2643,48237,4.0
2644,48239,6.0
2645,48241,27.0
2646,48243,
2647,48245,140.0
2648,48247,2.0
2649,48249,16.0
2650,48251,58.0
2651,48253,8.0
2652,48255,8.0
2653,48257,42.0
2654,48259,35.0
2655,48261,
2656,48263,1.0
2657,48265,23.0
2658,48267,4.0
2659,48269,
2660,48271,3.0
2661,48273,12.0
2662,48275,5.0
2663,48277,38.0
2664,48279,6.0
2665,48281,11.0
2666,48283,2.0
2667,48285,8.0
2668,48287,10.0
2669,48289,9.0
2670,48291,31.0
2671,48293,15.0
2672,48295,2.0
2673,48297,3.0
2674,48299,14.0
2675,48301,
2676,48303,169.0
2677,48305,10.0
2678,48307,7.0
2679,48309,157.0
2680,48311,
2681,48313,4.0
2682,48315,3.0
2683,48317,4.0
2684,48319,3.0
2685,48321,18.0
2686,48323,20.0
2687,48325,26.0
2688,48327,1.0
2689,48329,76.0
2690,48331,12.0
2691,48333,4.0
2692,48335,5.0
2693,48337,7.0
2694,48339,357.0
2695,48341,12.0
2696,48343,4.0
2697,48345,1.0
2698,48347,41.0
2699,48349,26.0
2700,48351,7.0
2701,48353,7.0
2702,48355,184.0
2703,48357,7.0
2704,48359,2.0
2705,48361,32.0
2706,48363,12.0
2707,48365,14.0
2708,48367,63.0
2709,48369,5.0
2710,48371,10.0
2711,48373,19.0
2712,48375,95.0
2713,48377,1.0
2714,48379,4.0
2715,48381,38.0
2716,48383,2.0
2717,48385,2.0
2718,48387,7.0
2719,48389,7.0
2720,48391,5.0
2721,48393,
2722,48395,7.0
2723,48397,61.0
2724,48399,8.0
2725,48401,29.0
2726,48403,7.0
2727,48405,9.0
2728,48407,8.0
2729,48409,21.0
2730,48411,6.0
2731,48413,2.0
2732,48415,9.0
2733,48417,4.0
2734,48419,12.0
2735,48421,1.0
2736,48423,203.0
2737,48425,12.0
2738,48427,26.0
2739,48429,7.0
2740,48431,0.0
2741,48433,3.0
2742,48435,2.0
2743,48437,4.0
2744,48439,1183.0
2745,48441,94.0
2746,48443,2.0
2747,48445,9.0
2748,48447,2.0
2749,48449,21.0
2750,48451,65.0
2751,48453,711.0
2752,48455,8.0
2753,48457,8.0
2754,48459,5.0
2755,48461,5.0
2756,48463,13.0
2757,48465,16.0
2758,48467,23.0
2759,48469,78.0
2760,48471,28.0
2761,48473,11.0
2762,48475,6.0
2763,48477,24.0
2764,48479,109.0
2765,48481,20.0
2766,48483,6.0
2767,48485,76.0
2768,48487,12.0
2769,48489,10.0
2770,48491,272.0
2771,48493,14.0
2772,48495,4.0
2773,48497,39.0
2774,48499,28.0
2775,48501,11.0
2776,48503,12.0
2777,48505,6.0
2778,48507,4.0
2779,49001,7.0
2780,49003,30.0
2781,49005,78.0
2782,49007,25.0
2783,49009,6.0
2784,49011,153.0
2785,49013,26.0
2786,49015,5.0
2787,49017,12.0
2788,49019,8.0
2789,49021,32.0
2790,49023,6.0
2791,49025,7.0
2792,49027,17.0
2793,49029,2.0
2794,49031,2.0
2795,49033,1.0
2796,49035,766.0
2797,49037,9.0
2798,49039,18.0
2799,49041,17.0
2800,49043,51.0
2801,49045,30.0
2802,49047,14.0
2803,49049,335.0
2804,49051,41.0
2805,49053,122.0
2806,49055,3.0
2807,49057,146.0
2808,50001,13.0
2809,50003,21.0
2810,50005,18.0
2811,50007,89.0
2812,50009,1.0
2813,50011,22.0
2814,50013,3.0
2815,50015,9.0
2816,50017,14.0
2817,50019,11.0
2818,50021,36.0
2819,50023,20.0
2820,50025,24.0
2821,50027,28.0
2822,51001,20.0
2823,51003,70.0
2824,51005,10.0
2825,51007,3.0
2826,51009,11.0
2827,51011,8.0
2828,51013,86.0
2829,51015,26.0
2830,51017,3.0
2831,51019,32.0
2832,51021,5.0
2833,51023,21.0
2834,51025,4.0
2835,51027,21.0
2836,51029,2.0
2837,51031,13.0
2838,51033,3.0
2839,51035,11.0
2840,51036,0.0
2841,51037,3.0
2842,51041,139.0
2843,51043,3.0
2844,51045,1.0
2845,51047,14.0
2846,51049,1.0
2847,51051,12.0
2848,51053,8.0
2849,51057,10.0
2850,51059,488.0
2851,51061,31.0
2852,51063,8.0
2853,51065,5.0
2854,51067,25.0
2855,51069,20.0
2856,51071,15.0
2857,51073,16.0
2858,51075,8.0
2859,51077,3.0
2860,51079,6.0
2861,51081,0.0
2862,51083,16.0
2863,51085,64.0
2864,51087,217.0
2865,51089,11.0
2866,51091,2.0
2867,51093,8.0
2868,51095,24.0
2869,51097,0.0
2870,51099,7.0
2871,51101,4.0
2872,51103,10.0
2873,51105,14.0
2874,51107,169.0
2875,51109,6.0
2876,51111,3.0
2877,51113,4.0
2878,51115,4.0
2879,51117,21.0
2880,51119,3.0
2881,51121,84.0
2882,51125,5.0
2883,51127,7.0
2884,51131,8.0
2885,51133,3.0
2886,51135,4.0
2887,51137,12.0
2888,51139,9.0
2889,51141,6.0
2890,51143,11.0
2891,51145,5.0
2892,51147,15.0
2893,51149,10.0
2894,51153,163.0
2895,51155,22.0
2896,51157,1.0
2897,51159,3.0
2898,51161,47.0
2899,51163,8.0
2900,51165,41.0
2901,51167,10.0
2902,51169,12.0
2903,51171,15.0
2904,51173,20.0
2905,51175,2.0
2906,51177,55.0
2907,51179,38.0
2908,51181,0.0
2909,51183,4.0
2910,51185,36.0
2911,51187,19.0
2912,51191,31.0
2913,51193,5.0
2914,51195,27.0
2915,51197,24.0
2916,51199,30.0
2917,51510,91.0
2918,51520,16.0
2919,51530,3.0
2920,51540,33.0
2921,51550,113.0
2922,51570,26.0
2923,51580,5.0
2924,51590,53.0
2925,51595,9.0
2926,51600,23.0
2927,51610,24.0
2928,51620,12.0
2929,51630,61.0
2930,51640,14.0
2931,51650,43.0
2932,51660,34.0
2933,51670,7.0
2934,51678,16.0
2935,51680,53.0
2936,51683,26.0
2937,51685,1.0
2938,51690,25.0
2939,51700,74.0
2940,51710,125.0
2941,51720,17.0
2942,51730,25.0
2943,51735,2.0
2944,51740,39.0
2945,51750,14.0
2946,51760,94.0
2947,51770,109.0
2948,51775,41.0
2949,51790,15.0
2950,51800,47.0
2951,51810,183.0
2952,51820,13.0
2953,51830,9.0
2954,51840,48.0
2955,53001,9.0
2956,53003,23.0
2957,53005,125.0
2958,53007,35.0
2959,53009,54.0
2960,53011,225.0
2961,53013,4.0
2962,53015,50.0
2963,53017,17.0
2964,53019,7.0
2965,53021,38.0
2966,53023,3.0
2967,53025,41.0
2968,53027,46.0
2969,53029,33.0
2970,53031,20.0
2971,53033,1404.0
2972,53035,134.0
2973,53037,15.0
2974,53039,7.0
2975,53041,39.0
2976,53043,9.0
2977,53045,22.0
2978,53047,37.0
2979,53049,22.0
2980,53051,5.0
2981,53053,470.0
2982,53055,12.0
2983,53057,84.0
2984,53059,3.0
2985,53061,436.0
2986,53063,323.0
2987,53065,22.0
2988,53067,145.0
2989,53069,3.0
2990,53071,40.0
2991,53073,104.0
2992,53075,17.0
2993,53077,108.0
2994,54001,5.0
2995,54003,43.0
2996,54005,14.0
2997,54007,12.0
2998,54009,17.0
2999,54011,89.0
3000,54013,3.0
3001,54015,4.0
3002,54017,2.0
3003,54019,29.0
3004,54021,4.0
3005,54023,8.0
3006,54025,32.0
3007,54027,16.0
3008,54029,16.0
3009,54031,10.0
3010,54033,44.0
3011,54035,11.0
3012,54037,19.0
3013,54039,149.0
3014,54041,8.0
3015,54043,10.0
3016,54045,26.0
3017,54047,26.0
3018,54049,28.0
3019,54051,13.0
3020,54053,27.0
3021,54055,38.0
3022,54057,11.0
3023,54059,15.0
3024,54061,63.0
3025,54063,4.0
3026,54065,5.0
3027,54067,20.0
3028,54069,27.0
3029,54071,5.0
3030,54073,3.0
3031,54075,7.0
3032,54077,16.0
3033,54079,29.0
3034,54081,75.0
3035,54083,14.0
3036,54085,4.0
3037,54087,10.0
3038,54089,8.0
3039,54091,9.0
3040,54093,12.0
3041,54095,6.0
3042,54097,16.0
3043,54099,17.0
3044,54101,9.0
3045,54103,9.0
3046,54105,1.0
3047,54107,57.0
3048,54109,12.0
3049,55001,7.0
3050,55003,10.0
3051,55005,36.0
3052,55007,4.0
3053,55009,153.0
3054,55011,4.0
3055,55013,11.0
3056,55015,10.0
3057,55017,31.0
3058,55019,17.0
3059,55021,31.0
3060,55023,10.0
3061,55025,315.0
3062,55027,38.0
3063,55029,29.0
3064,55031,14.0
3065,55033,19.0
3066,55035,64.0
3067,55037,1.0
3068,55039,48.0
3069,55041,11.0
3070,55043,30.0
3071,55045,21.0
3072,55047,19.0
3073,55049,16.0
3074,55051,2.0
3075,55053,11.0
3076,55055,44.0
3077,55057,13.0
3078,55059,64.0
3079,55061,11.0
3080,55063,78.0
3081,55065,8.0
3082,55067,22.0
3083,55069,15.0
3084,55071,55.0
3085,55073,86.0
3086,55075,40.0
3087,55077,5.0
3088,55078,2.0
3089,55079,579.0
3090,55081,20.0
3091,55083,30.0
3092,55085,36.0
3093,55087,83.0
3094,55089,67.0
3095,55091,3.0
3096,55093,8.0
3097,55095,26.0
3098,55097,43.0
3099,55099,12.0
3100,55101,94.0
3101,55103,9.0
3102,55105,76.0
3103,55107,7.0
3104,55109,38.0
3105,55111,37.0
3106,55113,18.0
3107,55115,16.0
3108,55117,68.0
3109,55119,10.0
3110,55121,19.0
3111,55123,22.0
3112,55125,14.0
3113,55127,40.0
3114,55129,14.0
3115,55131,53.0
3116,55133,256.0
3117,55135,19.0
3118,55137,11.0
3119,55139,83.0
3120,55141,54.0
3121,56001,29.0
3122,56003,9.0
3123,56005,21.0
3124,56007,13.0
3125,56009,7.0
3126,56011,9.0
3127,56013,25.0
3128,56015,8.0
3129,56017,4.0
3130,56019,4.0
3131,56021,49.0
3132,56023,21.0
3133,56025,40.0
3134,56027,3.0
3135,56029,33.0
3136,56031,10.0
3137,56033,31.0
3138,56035,6.0
3139,56037,20.0
3140,56039,26.0
3141,56041,17.0
3142,56043,7.0
3143,56045,8.0
